"ÉfÅ[É^ID","éûä‘(s)","MP joint(deg)",
1,0.000000,166.201128,
2,0.008333,166.234367,
3,0.016667,166.254579,
4,0.025000,166.265587,
5,0.033333,166.276694,
6,0.041667,166.293825,
7,0.050000,166.314029,
8,0.058333,166.326908,
9,0.066667,166.320784,
10,0.075000,166.289540,
11,0.083333,166.237222,
12,0.091667,166.178142,
13,0.100000,166.130700,
14,0.108333,166.107037,
15,0.116667,166.105765,
16,0.125000,166.114513,
17,0.133333,166.120562,
18,0.141667,166.119924,
19,0.150000,166.117174,
20,0.158333,166.118153,
21,0.166667,166.124000,
22,0.175000,166.131406,
23,0.183333,166.136399,
24,0.191667,166.136942,
25,0.200000,166.133308,
26,0.208333,166.127758,
27,0.216667,166.123668,
28,0.225000,166.123501,
29,0.233333,166.127019,
30,0.241667,166.132078,
31,0.250000,166.137445,
32,0.258333,166.144120,
33,0.266667,166.153403,
34,0.275000,166.164184,
35,0.283333,166.173133,
36,0.291667,166.177969,
37,0.300000,166.180070,
38,0.308333,166.183210,
39,0.316667,166.189791,
40,0.325000,166.198835,
41,0.333333,166.207736,
42,0.341667,166.215345,
43,0.350000,166.222693,
44,0.358333,166.230774,
45,0.366667,166.238277,
46,0.375000,166.242097,
47,0.383333,166.240158,
48,0.391667,166.233484,
49,0.400000,166.225355,
50,0.408333,166.218631,
51,0.416667,166.214216,
52,0.425000,166.212248,
53,0.433333,166.214348,
54,0.441667,166.223827,
55,0.450000,166.242835,
56,0.458333,166.269043,
57,0.466667,166.295632,
58,0.475000,166.315425,
59,0.483333,166.325765,
60,0.491667,166.329627,
61,0.500000,166.331763,
62,0.508333,166.333293,
63,0.516667,166.329642,
64,0.525000,166.313888,
65,0.533333,166.282935,
66,0.541667,166.241470,
67,0.550000,166.200406,
68,0.558333,166.170800,
69,0.566667,166.157689,
70,0.575000,166.158177,
71,0.583333,166.164652,
72,0.591667,166.170117,
73,0.600000,166.171391,
74,0.608333,166.168352,
75,0.616667,166.161102,
76,0.625000,166.148611,
77,0.633333,166.130446,
78,0.641667,166.109575,
79,0.650000,166.092558,
80,0.658333,166.085706,
81,0.666667,166.089986,
82,0.675000,166.099469,
83,0.683333,166.105408,
84,0.691667,166.102875,
85,0.700000,166.094236,
86,0.708333,166.086356,
87,0.716667,166.084128,
88,0.725000,166.086130,
89,0.733333,166.086156,
90,0.741667,166.078967,
91,0.750000,166.065057,
92,0.758333,166.050434,
93,0.766667,166.041847,
94,0.775000,166.041504,
95,0.783333,166.045390,
96,0.791667,166.046203,
97,0.800000,166.038425,
98,0.808333,166.021703,
99,0.816667,166.000356,
100,0.825000,165.979857,
101,0.833333,165.963201,
102,0.841667,165.949823,
103,0.850000,165.937521,
104,0.858333,165.925583,
105,0.866667,165.916679,
106,0.875000,165.916189,
107,0.883333,165.929287,
108,0.891667,165.957340,
109,0.900000,165.995705,
110,0.908333,166.034476,
111,0.916667,166.062518,
112,0.925000,166.073056,
113,0.933333,166.067267,
114,0.941667,166.052791,
115,0.950000,166.037758,
116,0.958333,166.024657,
117,0.966667,166.008574,
118,0.975000,165.980819,
119,0.983333,165.935084,
120,0.991667,165.872020,
121,1.000000,165.800033,
122,1.008333,165.732807,
123,1.016667,165.685021,
124,1.025000,165.667410,
125,1.033333,165.682311,
126,1.041667,165.721587,
127,1.050000,165.768830,
128,1.058333,165.805823,
129,1.066667,165.820250,
130,1.075000,165.810436,
131,1.083333,165.784577,
132,1.091667,165.755194,
133,1.100000,165.732165,
134,1.108333,165.718082,
135,1.116667,165.708104,
136,1.125000,165.694015,
137,1.133333,165.670026,
138,1.141667,165.636778,
139,1.150000,165.600909,
140,1.158333,165.570372,
141,1.166667,165.548823,
142,1.175000,165.533357,
143,1.183333,165.517427,
144,1.191667,165.496695,
145,1.200000,165.473092,
146,1.208333,165.453792,
147,1.216667,165.446042,
148,1.225000,165.452107,
149,1.233333,165.468168,
150,1.241667,165.487414,
151,1.250000,165.504215,
152,1.258333,165.516074,
153,1.266667,165.522631,
154,1.275000,165.523703,
155,1.283333,165.518693,
156,1.291667,165.507742,
157,1.300000,165.493123,
158,1.308333,165.479194,
159,1.316667,165.470686,
160,1.325000,165.470549,
161,1.333333,165.478863,
162,1.341667,165.493418,
163,1.350000,165.511435,
164,1.358333,165.531286,
165,1.366667,165.553220,
166,1.375000,165.578728,
167,1.383333,165.609092,
168,1.391667,165.644248,
169,1.400000,165.682750,
170,1.408333,165.722586,
171,1.416667,165.761800,
172,1.425000,165.798239,
173,1.433333,165.829028,
174,1.441667,165.851040,
175,1.450000,165.862784,
176,1.458333,165.866276,
177,1.466667,165.866753,
178,1.475000,165.869654,
179,1.483333,165.876894,
180,1.491667,165.885516,
181,1.500000,165.890094,
182,1.508333,165.887146,
183,1.516667,165.877985,
184,1.525000,165.867629,
185,1.533333,165.860703,
186,1.541667,165.857832,
187,1.550000,165.855607,
188,1.558333,165.850049,
189,1.566667,165.840435,
190,1.575000,165.830029,
191,1.583333,165.823141,
192,1.591667,165.821235,
193,1.600000,165.821510,
194,1.608333,165.818929,
195,1.616667,165.809476,
196,1.625000,165.791658,
197,1.633333,165.765469,
198,1.641667,165.730746,
199,1.650000,165.687321,
200,1.658333,165.637168,
201,1.666667,165.586321,
202,1.675000,165.544039,
203,1.683333,165.518838,
204,1.691667,165.513552,
205,1.700000,165.522680,
206,1.708333,165.534236,
207,1.716667,165.535787,
208,1.725000,165.521674,
209,1.733333,165.496937,
210,1.741667,165.474835,
211,1.750000,165.468743,
212,1.758333,165.483439,
213,1.766667,165.511823,
214,1.775000,165.539485,
215,1.783333,165.553685,
216,1.791667,165.550156,
217,1.800000,165.533493,
218,1.808333,165.512589,
219,1.816667,165.495979,
220,1.825000,165.490409,
221,1.833333,165.501734,
222,1.841667,165.535004,
223,1.850000,165.592144,
224,1.858333,165.668995,
225,1.866667,165.754874,
226,1.875000,165.835919,
227,1.883333,165.900437,
228,1.891667,165.943201,
229,1.900000,165.966422,
230,1.908333,165.977000,
231,1.916667,165.981736,
232,1.925000,165.983663,
233,1.933333,165.981933,
234,1.941667,165.974950,
235,1.950000,165.963946,
236,1.958333,165.953959,
237,1.966667,165.951450,
238,1.975000,165.960367,
239,1.983333,165.979556,
240,1.991667,166.003256,
241,2.000000,166.024151,
242,2.008333,166.036830,
243,2.016667,166.039626,
244,2.025000,166.034331,
245,2.033333,166.024847,
246,2.041667,166.015944,
247,2.050000,166.012240,
248,2.058333,166.016735,
249,2.066667,166.029003,
250,2.075000,166.044487,
251,2.083333,166.056368,
252,2.091667,166.059473,
253,2.100000,166.053631,
254,2.108333,166.043879,
255,2.116667,166.037170,
256,2.125000,166.037717,
257,2.133333,166.043952,
258,2.141667,166.048978,
259,2.150000,166.044467,
260,2.158333,166.025986,
261,2.166667,165.996481,
262,2.175000,165.965165,
263,2.183333,165.941960,
264,2.191667,165.931197,
265,2.200000,165.929321,
266,2.208333,165.928376,
267,2.216667,165.922278,
268,2.225000,165.910795,
269,2.233333,165.898496,
270,2.241667,165.890390,
271,2.250000,165.888240,
272,2.258333,165.890163,
273,2.266667,165.893009,
274,2.275000,165.895214,
275,2.283333,165.898085,
276,2.291667,165.904919,
277,2.300000,165.918580,
278,2.308333,165.938908,
279,2.316667,165.961576,
280,2.325000,165.979579,
281,2.333333,165.987098,
282,2.341667,165.983457,
283,2.350000,165.974130,
284,2.358333,165.967411,
285,2.366667,165.968688,
286,2.375000,165.976652,
287,2.383333,165.984649,
288,2.391667,165.986238,
289,2.400000,165.980252,
290,2.408333,165.971035,
291,2.416667,165.963955,
292,2.425000,165.960629,
293,2.433333,165.958310,
294,2.441667,165.953596,
295,2.450000,165.946551,
296,2.458333,165.941283,
297,2.466667,165.942703,
298,2.475000,165.952612,
299,2.483333,165.968331,
300,2.491667,165.984431,
301,2.500000,165.995615,
302,2.508333,165.998598,
303,2.516667,165.992453,
304,2.525000,165.978310,
305,2.533333,165.959277,
306,2.541667,165.940360,
307,2.550000,165.927369,
308,2.558333,165.924500,
309,2.566667,165.931879,
310,2.575000,165.945150,
311,2.583333,165.957877,
312,2.591667,165.965053,
313,2.600000,165.964946,
314,2.608333,165.958101,
315,2.616667,165.945192,
316,2.625000,165.926401,
317,2.633333,165.903123,
318,2.641667,165.879929,
319,2.650000,165.864064,
320,2.658333,165.861795,
321,2.666667,165.873889,
322,2.675000,165.893580,
323,2.683333,165.909122,
324,2.691667,165.910188,
325,2.700000,165.894706,
326,2.708333,165.871624,
327,2.716667,165.856838,
328,2.725000,165.863764,
329,2.733333,165.894290,
330,2.741667,165.936587,
331,2.750000,165.971987,
332,2.758333,165.986584,
333,2.766667,165.979466,
334,2.775000,165.961953,
335,2.783333,165.948890,
336,2.791667,165.948679,
337,2.800000,165.958951,
338,2.808333,165.970002,
339,2.816667,165.972404,
340,2.825000,165.962972,
341,2.833333,165.945567,
342,2.841667,165.927599,
343,2.850000,165.915615,
344,2.858333,165.912677,
345,2.866667,165.917924,
346,2.875000,165.927455,
347,2.883333,165.936090,
348,2.891667,165.939894,
349,2.900000,165.938555,
350,2.908333,165.935741,
351,2.916667,165.936516,
352,2.925000,165.943518,
353,2.933333,165.955175,
354,2.941667,165.967517,
355,2.950000,165.977555,
356,2.958333,165.984685,
357,2.966667,165.989007,
358,2.975000,165.989165,
359,2.983333,165.982984,
360,2.991667,165.970725,
361,3.000000,165.957221,
362,3.008333,165.949686,
363,3.016667,165.952580,
364,3.025000,165.964479,
365,3.033333,165.980145,
366,3.041667,165.995529,
367,3.050000,166.010170,
368,3.058333,166.024454,
369,3.066667,166.035229,
370,3.075000,166.035545,
371,3.083333,166.019963,
372,3.091667,165.990528,
373,3.100000,165.957169,
374,3.108333,165.931474,
375,3.116667,165.919046,
376,3.125000,165.916575,
377,3.133333,165.915200,
378,3.141667,165.906675,
379,3.150000,165.887734,
380,3.158333,165.860685,
381,3.166667,165.831188,
382,3.175000,165.805249,
383,3.183333,165.786851,
384,3.191667,165.776932,
385,3.200000,165.773922,
386,3.208333,165.775453,
387,3.216667,165.780159,
388,3.225000,165.788343,
389,3.233333,165.801078,
390,3.241667,165.818458,
391,3.250000,165.838336,
392,3.258333,165.856583,
393,3.266667,165.868942,
394,3.275000,165.873441,
395,3.283333,165.871756,
396,3.291667,165.868345,
397,3.300000,165.867662,
398,3.308333,165.871328,
399,3.316667,165.877398,
400,3.325000,165.882384,
401,3.333333,165.884389,
402,3.341667,165.884680,
403,3.350000,165.886301,
404,3.358333,165.891122,
405,3.366667,165.898325,
406,3.375000,165.905861,
407,3.383333,165.912984,
408,3.391667,165.920454,
409,3.400000,165.927552,
410,3.408333,165.929342,
411,3.416667,165.918460,
412,3.425000,165.891322,
413,3.433333,165.853236,
414,3.441667,165.816747,
415,3.450000,165.793627,
416,3.458333,165.787127,
417,3.466667,165.791000,
418,3.475000,165.795424,
419,3.483333,165.794067,
420,3.491667,165.786721,
421,3.500000,165.777046,
422,3.508333,165.768996,
423,3.516667,165.764969,
424,3.525000,165.765641,
425,3.533333,165.770029,
426,3.541667,165.775546,
427,3.550000,165.779088,
428,3.558333,165.779277,
429,3.566667,165.778008,
430,3.575000,165.779262,
431,3.583333,165.785509,
432,3.591667,165.794648,
433,3.600000,165.800390,
434,3.608333,165.796092,
435,3.616667,165.779106,
436,3.625000,165.752420,
437,3.633333,165.722749,
438,3.641667,165.696881,
439,3.650000,165.678842,
440,3.658333,165.669197,
441,3.666667,165.666187,
442,3.675000,165.667495,
443,3.683333,165.671441,
444,3.691667,165.676976,
445,3.700000,165.682795,
446,3.708333,165.686833,
447,3.716667,165.687148,
448,3.725000,165.683755,
449,3.733333,165.679583,
450,3.741667,165.679304,
451,3.750000,165.686860,
452,3.758333,165.703769,
453,3.766667,165.729177,
454,3.775000,165.760707,
455,3.783333,165.794818,
456,3.791667,165.826966,
457,3.800000,165.852766,
458,3.808333,165.870093,
459,3.816667,165.880451,
460,3.825000,165.888208,
461,3.833333,165.898359,
462,3.841667,165.914483,
463,3.850000,165.937605,
464,3.858333,165.965550,
465,3.866667,165.992957,
466,3.875000,166.013140,
467,3.883333,166.021866,
468,3.891667,166.020266,
469,3.900000,166.013504,
470,3.908333,166.005530,
471,3.916667,165.994958,
472,3.925000,165.976871,
473,3.933333,165.949336,
474,3.941667,165.917772,
475,3.950000,165.891735,
476,3.958333,165.876467,
477,3.966667,165.867446,
478,3.975000,165.853733,
479,3.983333,165.827371,
480,3.991667,165.790320,
481,4.000000,165.753018,
482,4.008333,165.726502,
483,4.016667,165.715192,
484,4.025000,165.715566,
485,4.033333,165.720222,
486,4.041667,165.723007,
487,4.050000,165.721674,
488,4.058333,165.717538,
489,4.066667,165.713521,
490,4.075000,165.711914,
491,4.083333,165.712714,
492,4.091667,165.713417,
493,4.100000,165.710881,
494,4.108333,165.704610,
495,4.116667,165.699086,
496,4.125000,165.702622,
497,4.133333,165.722364,
498,4.141667,165.758367,
499,4.150000,165.801178,
500,4.158333,165.835626,
501,4.166667,165.849231,
502,4.175000,165.839934,
503,4.183333,165.817649,
504,4.191667,165.798212,
505,4.200000,165.793683,
506,4.208333,165.805546,
507,4.216667,165.825140,
508,4.225000,165.840319,
509,4.233333,165.843239,
510,4.241667,165.834019,
511,4.250000,165.818731,
512,4.258333,165.804257,
513,4.266667,165.794146,
514,4.275000,165.787968,
515,4.283333,165.783730,
516,4.291667,165.780764,
517,4.300000,165.780429,
518,4.308333,165.783906,
519,4.316667,165.789107,
520,4.325000,165.789998,
521,4.333333,165.780034,
522,4.341667,165.757793,
523,4.350000,165.730211,
524,4.358333,165.709894,
525,4.366667,165.707419,
526,4.375000,165.723824,
527,4.383333,165.748964,
528,4.391667,165.767268,
529,4.400000,165.767023,
530,4.408333,165.746758,
531,4.416667,165.714555,
532,4.425000,165.681252,
533,4.433333,165.652720,
534,4.441667,165.626629,
535,4.450000,165.595573,
536,4.458333,165.553779,
537,4.466667,165.502321,
538,4.475000,165.449317,
539,4.483333,165.405560,
540,4.491667,165.379034,
541,4.500000,165.371745,
542,4.508333,165.379793,
543,4.516667,165.395385,
544,4.525000,165.409294,
545,4.533333,165.413403,
546,4.541667,165.403310,
547,4.550000,165.380115,
548,4.558333,165.349941,
549,4.566667,165.320999,
550,4.575000,165.299935,
551,4.583333,165.289670,
552,4.591667,165.289390,
553,4.600000,165.295668,
554,4.608333,165.303621,
555,4.616667,165.307977,
556,4.625000,165.304310,
557,4.633333,165.290115,
558,4.641667,165.264957,
559,4.650000,165.229647,
560,4.658333,165.185518,
561,4.666667,165.134834,
562,4.675000,165.081978,
563,4.683333,165.033883,
564,4.691667,164.998621,
565,4.700000,164.982777,
566,4.708333,164.989285,
567,4.716667,165.016952,
568,4.725000,165.061378,
569,4.733333,165.115989,
570,4.741667,165.172382,
571,4.750000,165.220688,
572,4.758333,165.251350,
573,4.766667,165.258461,
574,4.775000,165.242698,
575,4.783333,165.211237,
576,4.791667,165.174050,
577,4.800000,165.139110,
578,4.808333,165.110119,
579,4.816667,165.087977,
580,4.825000,165.073666,
581,4.833333,165.069023,
582,4.841667,165.074500,
583,4.850000,165.086579,
584,4.858333,165.098314,
585,4.866667,165.103426,
586,4.875000,165.100693,
587,4.883333,165.094743,
588,4.891667,165.092542,
589,4.900000,165.098689,
590,4.908333,165.113292,
591,4.916667,165.133358,
592,4.925000,165.155412,
593,4.933333,165.176758,
594,4.941667,165.195122,
595,4.950000,165.208400,
596,4.958333,165.215814,
597,4.966667,165.219622,
598,4.975000,165.225154,
599,4.983333,165.238027,
600,4.991667,165.260046,
601,5.000000,165.286999,
602,5.008333,165.310563,
603,5.016667,165.323289,
604,5.025000,165.323095,
605,5.033333,165.313953,
606,5.041667,165.302556,
607,5.050000,165.293842,
608,5.058333,165.288618,
609,5.066667,165.284251,
610,5.075000,165.276987,
611,5.083333,165.264045,
612,5.091667,165.244769,
613,5.100000,165.220929,
614,5.108333,165.196136,
615,5.116667,165.174264,
616,5.125000,165.157533,
617,5.133333,165.145548,
618,5.141667,165.136052,
619,5.150000,165.126715,
620,5.158333,165.116462,
621,5.166667,165.105668,
622,5.175000,165.095791,
623,5.183333,165.089164,
624,5.191667,165.088565,
625,5.200000,165.095749,
626,5.208333,165.109296,
627,5.216667,165.123686,
628,5.225000,165.131333,
629,5.233333,165.126973,
630,5.241667,165.111388,
631,5.250000,165.091245,
632,5.258333,165.074549,
633,5.266667,165.064768,
634,5.275000,165.058309,
635,5.283333,165.047962,
636,5.291667,165.030170,
637,5.300000,165.010140,
638,5.308333,164.999592,
639,5.316667,165.007718,
640,5.325000,165.032383,
641,5.333333,165.059484,
642,5.341667,165.071996,
643,5.350000,165.061823,
644,5.358333,165.034941,
645,5.366667,165.006181,
646,5.375000,164.988775,
647,5.383333,164.987163,
648,5.391667,164.997388,
649,5.400000,165.012482,
650,5.408333,165.027273,
651,5.416667,165.039405,
652,5.425000,165.047699,
653,5.433333,165.050808,
654,5.441667,165.047748,
655,5.450000,165.039478,
656,5.458333,165.029684,
657,5.466667,165.023608,
658,5.475000,165.025356,
659,5.483333,165.035357,
660,5.491667,165.049669,
661,5.500000,165.061821,
662,5.508333,165.066315,
663,5.516667,165.061923,
664,5.525000,165.052698,
665,5.533333,165.045472,
666,5.541667,165.044498,
667,5.550000,165.046292,
668,5.558333,165.038843,
669,5.566667,165.007351,
670,5.575000,164.943798,
671,5.583333,164.853683,
672,5.591667,164.754346,
673,5.600000,164.665625,
674,5.608333,164.599869,
675,5.616667,164.558419,
676,5.625000,164.535612,
677,5.633333,164.525060,
678,5.641667,164.522532,
679,5.650000,164.524693,
680,5.658333,164.527413,
681,5.666667,164.526746,
682,5.675000,164.521640,
683,5.683333,164.515068,
684,5.691667,164.511935,
685,5.700000,164.515430,
686,5.708333,164.524809,
687,5.716667,164.536101,
688,5.725000,164.544991,
689,5.733333,164.549904,
690,5.741667,164.553438,
691,5.750000,164.561023,
692,5.758333,164.577167,
693,5.766667,164.601701,
694,5.775000,164.629186,
695,5.783333,164.652344,
696,5.791667,164.666667,
697,5.800000,164.672189,
698,5.808333,164.671247,
699,5.816667,164.664941,
700,5.825000,164.651966,
701,5.833333,164.630534,
702,5.841667,164.600668,
703,5.850000,164.564117,
704,5.858333,164.522231,
705,5.866667,164.474565,
706,5.875000,164.420040,
707,5.883333,164.359589,
708,5.891667,164.297547,
709,5.900000,164.240248,
710,5.908333,164.192672,
711,5.916667,164.155512,
712,5.925000,164.124983,
713,5.933333,164.096670,
714,5.941667,164.071758,
715,5.950000,164.059126,
716,5.958333,164.065774,
717,5.966667,164.079680,
718,5.975000,164.067787,
719,5.983333,164.010425,
720,5.991667,163.956173,
721,6.000000,164.028612,
722,6.008333,164.311860,
723,6.016667,164.682847,
724,6.025000,164.809080,
725,6.033333,164.309922,
726,6.041667,162.931003,
727,6.050000,160.975930,
728,6.058333,159.505628,
729,6.066667,159.522864,
730,6.075000,161.037272,
731,6.083333,163.059710,
732,6.091667,164.529167,
733,6.100000,165.134441,
734,6.108333,165.121555,
735,6.116667,164.856624,
736,6.125000,164.656984,
737,6.133333,164.636565,
738,6.141667,164.708156,
739,6.150000,164.751930,
740,6.158333,164.729931,
741,6.166667,164.676207,
742,6.175000,164.637166,
743,6.183333,164.632098,
744,6.191667,164.651654,
745,6.200000,164.675313,
746,6.208333,164.685939,
747,6.216667,164.675327,
748,6.225000,164.644268,
749,6.233333,164.600034,
750,6.241667,164.552149,
751,6.250000,164.508178,
752,6.258333,164.471955,
753,6.266667,164.444858,
754,6.275000,164.427940,
755,6.283333,164.422020,
756,6.291667,164.425134,
757,6.300000,164.429791,
758,6.308333,164.423390,
759,6.316667,164.393037,
760,6.325000,164.332366,
761,6.333333,164.245814,
762,6.341667,164.146831,
763,6.350000,164.050216,
764,6.358333,163.962789,
765,6.366667,163.878225,
766,6.375000,163.779603,
767,6.383333,163.647741,
768,6.391667,163.468536,
769,6.400000,163.233212,
770,6.408333,162.932085,
771,6.416667,162.549043,
772,6.425000,162.063663,
773,6.433333,161.461268,
774,6.441667,160.743993,
775,6.450000,159.932872,
776,6.458333,159.054201,
777,6.466667,158.115616,
778,6.475000,157.094442,
779,6.483333,155.962678,
780,6.491667,154.740326,
781,6.500000,153.520708,
782,6.508333,152.408561,
783,6.516667,151.401422,
784,6.525000,150.352116,
785,6.533333,149.101424,
786,6.541667,147.681387,
787,6.550000,146.354068,
788,6.558333,145.314860,
789,6.566667,144.291693,
790,6.575000,142.572698,
791,6.583333,139.622022,
792,6.591667,135.886738,
793,6.600000,132.930661,
794,6.608333,132.340782,
795,6.616667,134.403602,
796,6.625000,137.779408,
797,6.633333,140.517586,
798,6.641667,141.537717,
799,6.650000,141.036991,
800,6.658333,139.912657,
801,6.666667,139.012436,
802,6.675000,138.637217,
803,6.683333,138.590214,
804,6.691667,138.562623,
805,6.700000,138.407096,
806,6.708333,138.142679,
807,6.716667,137.832105,
808,6.725000,137.503784,
809,6.733333,137.160299,
810,6.741667,136.812720,
811,6.750000,136.486967,
812,6.758333,136.205005,
813,6.766667,135.970571,
814,6.775000,135.774627,
815,6.783333,135.611287,
816,6.791667,135.486819,
817,6.800000,135.414502,
818,6.808333,135.402084,
819,6.816667,135.443429,
820,6.825000,135.520008,
821,6.833333,135.609115,
822,6.841667,135.692080,
823,6.850000,135.758561,
824,6.858333,135.807169,
825,6.866667,135.843982,
826,6.875000,135.879576,
827,6.883333,135.925008,
828,6.891667,135.987996,
829,6.900000,136.070578,
830,6.908333,136.168109,
831,6.916667,136.268622,
832,6.925000,136.352913,
833,6.933333,136.397918,
834,6.941667,136.385363,
835,6.950000,136.313115,
836,6.958333,136.201577,
837,6.966667,136.088112,
838,6.975000,136.010431,
839,6.983333,135.989100,
840,6.991667,136.021001,
841,7.000000,136.087604,
842,7.008333,136.170744,
843,7.016667,136.263834,
844,7.025000,136.371499,
845,7.033333,136.500192,
846,7.041667,136.647860,
847,7.050000,136.799406,
848,7.058333,136.930220,
849,7.066667,137.016311,
850,7.075000,137.046779,
851,7.083333,137.031985,
852,7.091667,137.001083,
853,7.100000,136.988273,
854,7.108333,137.015571,
855,7.116667,137.083819,
856,7.125000,137.177743,
857,7.133333,137.279629,
858,7.141667,137.379980,
859,7.150000,137.477905,
860,7.158333,137.573873,
861,7.166667,137.663252,
862,7.175000,137.736326,
863,7.183333,137.783624,
864,7.191667,137.801548,
865,7.200000,137.794462,
866,7.208333,137.772722,
867,7.216667,137.748267,
868,7.225000,137.730060,
869,7.233333,137.721724,
870,7.241667,137.722721,
871,7.250000,137.731873,
872,7.258333,137.749844,
873,7.266667,137.777948,
874,7.275000,137.814378,
875,7.283333,137.851888,
876,7.291667,137.880015,
877,7.300000,137.890718,
878,7.308333,137.883031,
879,7.316667,137.863246,
880,7.325000,137.840890,
881,7.333333,137.823814,
882,7.341667,137.815530,
883,7.350000,137.815537,
884,7.358333,137.821227,
885,7.366667,137.829695,
886,7.375000,137.838736,
887,7.383333,137.847074,
888,7.391667,137.854039,
889,7.400000,137.859153,
890,7.408333,137.862399,
891,7.416667,137.865417,
892,7.425000,137.872457,
893,7.433333,137.889383,
894,7.441667,137.920477,
895,7.450000,137.964889,
896,7.458333,138.015488,
897,7.466667,138.061273,
898,7.475000,138.091944,
899,7.483333,138.101888,
900,7.491667,138.091705,
901,7.500000,138.067139,
902,7.508333,138.036353,
903,7.516667,138.006692,
904,7.525000,137.982307,
905,7.533333,137.963839,
906,7.541667,137.949991,
907,7.550000,137.939102,
908,7.558333,137.929002,
909,7.566667,137.915925,
910,7.575000,137.895140,
911,7.583333,137.864513,
912,7.591667,137.828384,
913,7.600000,137.797298,
914,7.608333,137.782115,
915,7.616667,137.786469,
916,7.625000,137.803728,
917,7.633333,137.820982,
918,7.641667,137.826840,
919,7.650000,137.817364,
920,7.658333,137.796673,
921,7.666667,137.772989,
922,7.675000,137.753490,
923,7.683333,137.741150,
924,7.691667,137.734792,
925,7.700000,137.731539,
926,7.708333,137.729644,
927,7.716667,137.729689,
928,7.725000,137.733237,
929,7.733333,137.739983,
930,7.741667,137.745873,
931,7.750000,137.744507,
932,7.758333,137.731665,
933,7.766667,137.709729,
934,7.775000,137.687947,
935,7.783333,137.677409,
936,7.791667,137.684095,
937,7.800000,137.705353,
938,7.808333,137.732428,
939,7.816667,137.756566,
940,7.825000,137.773558,
941,7.833333,137.783796,
942,7.841667,137.789176,
943,7.850000,137.790487,
944,7.858333,137.787518,
945,7.866667,137.781053,
946,7.875000,137.774230,
947,7.883333,137.771691,
948,7.891667,137.777124,
949,7.900000,137.791084,
950,7.908333,137.810631,
951,7.916667,137.830879,
952,7.925000,137.847337,
953,7.933333,137.857679,
954,7.941667,137.862191,
955,7.950000,137.863006,
956,7.958333,137.863029,
957,7.966667,137.865324,
958,7.975000,137.872703,
959,7.983333,137.886820,
960,7.991667,137.907046,
961,8.000000,137.929988,
962,8.008333,137.950240,
963,8.016667,137.962558,
964,8.025000,137.964585,
965,8.033333,137.958138,
966,8.041667,137.947824,
967,8.050000,137.937956,
968,8.058333,137.930104,
969,8.066667,137.923082,
970,8.075000,137.915269,
971,8.083333,137.907137,
972,8.091667,137.901758,
973,8.100000,137.902937,
974,8.108333,137.912633,
975,8.116667,137.929651,
976,8.125000,137.950358,
977,8.133333,137.970564,
978,8.141667,137.987162,
979,8.150000,137.998755,
980,8.158333,138.005542,
981,8.166667,138.009058,
982,8.175000,138.011849,
983,8.183333,138.016600,
984,8.191667,138.024583,
985,8.200000,138.034354,
986,8.208333,138.042120,
987,8.216667,138.044184,
988,8.225000,138.039894,
989,8.233333,138.032629,
990,8.241667,138.027766,
991,8.250000,138.029093,
992,8.258333,138.036301,
993,8.266667,138.045133,
994,8.275000,138.049845,
995,8.283333,138.046508,
996,8.291667,138.035623,
997,8.300000,138.022717,
998,8.308333,138.016084,
999,8.316667,138.022141,
1000,8.325000,138.040899,
1001,8.333333,138.065006,
1002,8.341667,138.083849,
1003,8.350000,138.089983,
1004,8.358333,138.083195,
1005,8.366667,138.069606,
1006,8.375000,138.057095,
1007,8.383333,138.050560,
1008,8.391667,138.049898,
1009,8.400000,138.051263,
1010,8.408333,138.050179,
1011,8.416667,138.044554,
1012,8.425000,138.036003,
1013,8.433333,138.028775,
1014,8.441667,138.026706,
1015,8.450000,138.030022,
1016,8.458333,138.034292,
1017,8.466667,138.032654,
1018,8.475000,138.020134,
1019,8.483333,137.997210,
1020,8.491667,137.970056,
1021,8.500000,137.947253,
1022,8.508333,137.935238,
1023,8.516667,137.935505,
1024,8.525000,137.944869,
1025,8.533333,137.957781,
1026,8.541667,137.968650,
1027,8.550000,137.973110,
1028,8.558333,137.968675,
1029,8.566667,137.955633,
1030,8.575000,137.937892,
1031,8.583333,137.922403,
1032,8.591667,137.916388,
1033,8.600000,137.923680,
1034,8.608333,137.942815,
1035,8.616667,137.968490,
1036,8.625000,137.995133,
1037,8.633333,138.019576,
1038,8.641667,138.040983,
1039,8.650000,138.059208,
1040,8.658333,138.073893,
1041,8.666667,138.085044,
1042,8.675000,138.093771,
1043,8.683333,138.101794,
1044,8.691667,138.110167,
1045,8.700000,138.118961,
1046,8.708333,138.128199,
1047,8.716667,138.138135,
1048,8.725000,138.147656,
1049,8.733333,138.153016,
1050,8.741667,138.150086,
1051,8.750000,138.139484,
1052,8.758333,138.129362,
1053,8.766667,138.131162,
1054,8.775000,138.150070,
1055,8.783333,138.178428,
1056,8.791667,138.199336,
1057,8.800000,138.198652,
1058,8.808333,138.175440,
1059,8.816667,138.142119,
1060,8.825000,138.115025,
1061,8.833333,138.103923,
1062,8.841667,138.108494,
1063,8.850000,138.122578,
1064,8.858333,138.140641,
1065,8.866667,138.160663,
1066,8.875000,138.182302,
1067,8.883333,138.203668,
1068,8.891667,138.220470,
1069,8.900000,138.228297,
1070,8.908333,138.225669,
1071,8.916667,138.215053,
1072,8.925000,138.201248,
1073,8.933333,138.188887,
1074,8.941667,138.180991,
1075,8.950000,138.178916,
1076,8.958333,138.182773,
1077,8.966667,138.191659,
1078,8.975000,138.203867,
1079,8.983333,138.217378,
1080,8.991667,138.230315,
1081,9.000000,138.240838,
1082,9.008333,138.246843,
1083,9.016667,138.246581,
1084,9.025000,138.240206,
1085,9.033333,138.230574,
1086,9.041667,138.221762,
1087,9.050000,138.216404,
1088,9.058333,138.214659,
1089,9.066667,138.215987,
1090,9.075000,138.221480,
1091,9.083333,138.233501,
1092,9.091667,138.252471,
1093,9.100000,138.274377,
1094,9.108333,138.292409,
1095,9.116667,138.301809,
1096,9.125000,138.303313,
1097,9.133333,138.301929,
1098,9.141667,138.302835,
1099,9.150000,138.308826,
1100,9.158333,138.321190,
1101,9.166667,138.341784,
1102,9.175000,138.373123,
1103,9.183333,138.415746,
1104,9.191667,138.465347,
1105,9.200000,138.512899,
1106,9.208333,138.548246,
1107,9.216667,138.564386,
1108,9.225000,138.559666,
1109,9.233333,138.537692,
1110,9.241667,138.506373,
1111,9.250000,138.476677,
1112,9.258333,138.460373,
1113,9.266667,138.466069,
1114,9.275000,138.494631,
1115,9.283333,138.537081,
1116,9.291667,138.577834,
1117,9.300000,138.602536,
1118,9.308333,138.605554,
1119,9.316667,138.591601,
1120,9.325000,138.570333,
1121,9.333333,138.548666,
1122,9.341667,138.527543,
1123,9.350000,138.505190,
1124,9.358333,138.482281,
1125,9.366667,138.463138,
1126,9.375000,138.452009,
1127,9.383333,138.448822,
1128,9.391667,138.449187,
1129,9.400000,138.448529,
1130,9.408333,138.445761,
1131,9.416667,138.442925,
1132,9.425000,138.442101,
1133,9.433333,138.443647,
1134,9.441667,138.447411,
1135,9.450000,138.454523,
1136,9.458333,138.466684,
1137,9.466667,138.483210,
1138,9.475000,138.499162,
1139,9.483333,138.507226,
1140,9.491667,138.502588,
1141,9.500000,138.487540,
1142,9.508333,138.472661,
1143,9.516667,138.473284,
1144,9.525000,138.502483,
1145,9.533333,138.564006,
1146,9.541667,138.649367,
1147,9.550000,138.741567,
1148,9.558333,138.823892,
1149,9.566667,138.888561,
1150,9.575000,138.939704,
1151,9.583333,138.988817,
1152,9.591667,139.045796,
1153,9.600000,139.111611,
1154,9.608333,139.177591,
1155,9.616667,139.231483,
1156,9.625000,139.265665,
1157,9.633333,139.281827,
1158,9.641667,139.289411,
1159,9.650000,139.299409,
1160,9.658333,139.317894,
1161,9.666667,139.343372,
1162,9.675000,139.369024,
1163,9.683333,139.387458,
1164,9.691667,139.394195,
1165,9.700000,139.387822,
1166,9.708333,139.367749,
1167,9.716667,139.332467,
1168,9.725000,139.280502,
1169,9.733333,139.213642,
1170,9.741667,139.139469,
1171,9.750000,139.070060,
1172,9.758333,139.016572,
1173,9.766667,138.983324,
1174,9.775000,138.966159,
1175,9.783333,138.956568,
1176,9.791667,138.948038,
1177,9.800000,138.939261,
1178,9.808333,138.932101,
1179,9.816667,138.927356,
1180,9.825000,138.923102,
1181,9.833333,138.916884,
1182,9.841667,138.908343,
1183,9.850000,138.898905,
1184,9.858333,138.889602,
1185,9.866667,138.880985,
1186,9.875000,138.876340,
1187,9.883333,138.884174,
1188,9.891667,138.914869,
1189,9.900000,138.972215,
1190,9.908333,139.047157,
1191,9.916667,139.120739,
1192,9.925000,139.175320,
1193,9.933333,139.205285,
1194,9.941667,139.218462,
1195,9.950000,139.227577,
1196,9.958333,139.239812,
1197,9.966667,139.253275,
1198,9.975000,139.261828,
1199,9.983333,139.262245,
1200,9.991667,139.256962,
